player_name,team_code,position_raw,Goals,Assists,Minutes Played,team_code_Attacking,position_raw_Attacking,Assists_Attacking,Attempts On Target,Attempts At Goal,Attempts At Goal Conv. Rate (%),Attempts Inside the Penalty Area,Attempts Outside the Penalty Area,Headed Attempts at Goal,xG,xG Efficiency,Corners,team_code_Distribution,position_raw_Distribution,Passes,Passes Completed,Passing Accuracy (%),Crosses,Crossing Accuracy (%),Take-Ons Completed,Defensive Linebreaks Attempted,Defensive Linebreaks Acc (%),Switches of Play Attempted,Switches of Play Acc (%),team_code_Defending,position_raw_Defending,Own Goals,Forced Turnovers,Defensive Pressures Applied,Defensive Pressures Directly Applied,team_code_Discipline,position_raw_Discipline,Fouls Against,Fouls For,Yellow Cards,Red Cards,Indirect Red Cards,Offsides,team_code_Goalkeeping,position_raw_Goalkeeping,Goalkeeper Saves,Goalkeeper Actions Inside the Penalty Area,Goalkeeper Actions Outside the Penalty Area,team_code_Movement,position_raw_Movement,Offers To Receive,Offers In Behind,Offers In Between,Offers In Front,Offers Inside Team Shape,Offers Outside Team Shape,Receptions In Behind,Receptions Between Midfield And Defensive Line,Receptions Under Pressure,Player Involvements,team_code_Physical,position_raw_Physical,Top Speed (km/h),High Speed Running,Sprints,Total Distance (m)
Abdukodir Khusanov,,,,,,,,,,,,,,,,,,,,,,,,,,,,,,,,,,,,,,,,,,,,,,,,,,,,,,,,,,,,,UZB,DF,36.46,218,93,27912.88
Abdulla Abdullaev,,,,,,,,,,,,,,,,,,,,,,,,,,,,,,UZB,DF,0,7,22,7,,,,,,,,,,,,,,,,,,,,,,,,,,,,,,,
Abduvohid Nematov,,,,,,,,,,,,,,,,,,,,,,,,,,,,,,UZB,GK,1,0,0,0,,,,,,,,,UZB,GK,5,55,44,,,,,,,,,,,,,,,,,,
Achraf Hakimi,,,,,,MAR,DF,2,4,14,7,6,8,0,0.96,1.04x,21,MAR,DF,449,402,90,38,32,11,7,86,6,83,,,,,,,MAR,DF,7,16,1,0,0,0,,,,,,MAR,DF,253,79,114,60,102,151,12,92,167,971,MAR,DF,35.48,624,296,63750.68
Adrien Rabiot,,,,,,,,,,,,,,,,,,FRA,MF,351,323,92,2,0,2,13,77,1,100,,,,,,,FRA,MF,13,4,1,0,0,1,,,,,,FRA,MF,235,65,58,112,160,75,8,36,121,769,,,,,,
Aissa Mandi,,,,,,,,,,,,,,,,,,ALG,DF,382,357,93,0,0,0,5,20,10,90,,,,,,,,,,,,,,,,,,,,,,,,,,,,,,,,,,,,,
Alan Minda,,,,,,,,,,,,,,,,,,,,,,,,,,,,,,,,,,,,,,,,,,,,,,,,,,,,,,,,,,,,,ECU,MF,35.52,80,31,6170.77
Aleksandar Pavlovic,,,,,,,,,,,,,,,,,,,,,,,,,,,,,,,,,,,,GER,MF,13,4,1,0,0,0,,,,,,,,,,,,,,,,,,,,,,,
Alessandro Circati,,,,,,,,,,,,,,,,,,,,,,,,,,,,,,AUS,DF,0,12,48,28,,,,,,,,,,,,,,,,,,,,,,,,,,,,,,,
Alex Baena,,,,,,,,,,,,,,,,,,,,,,,,,,,,,,,,,,,,ESP,MF,13,8,1,0,0,2,,,,,,ESP,MF,332,151,138,43,180,152,13,141,102,554,,,,,,
Alexander Isak,,,,,,SWE,FW,3,6,8,13,5,3,1,0.68,1.48x,0,,,,,,,,,,,,,SWE,FW,0,5,110,15,,,,,,,,,,,,,,,,,,,,,,,,,,,,,,,
Alexander Schlager,,,,,,,,,,,,,,,,,,,,,,,,,,,,,,,,,,,,,,,,,,,,AUT,GK,15,85,74,,,,,,,,,,,,,,,,,,
Alexis Mac Allister,,,,,,,,,,,,,,,,,,ARG,MF,430,393,91,1,0,1,3,33,3,100,,,,,,,ARG,MF,9,12,1,0,0,0,,,,,,ARG,MF,269,50,97,122,206,63,4,58,195,933,,,,,,
Ali Abdi,,,,,,,,,,,,,,,,,,,,,,,,,,,,,,,,,,,,,,,,,,,,,,,,,,,,,,,,,,,,,TUN,DF,34.81,343,150,29932.97
Alireza Beiranvand,,,,,,,,,,,,,,,,,,,,,,,,,,,,,,,,,,,,,,,,,,,,IRN,GK,15,75,65,,,,,,,,,,,,,,,,,,
Alisson,,,,,,,,,,,,,,,,,,,,,,,,,,,,,,,,,,,,,,,,,,,,BRA,GK,15,67,59,,,,,,,,,,,,,,,,,,
Alistair Johnston,,,,,,,,,,,,,,,,,,,,,,,,,,,,,,,,,,,,,,,,,,,,,,,,,,,,,,,,,,,,,CAN,DF,35.08,683,264,53458.13
Amad Diallo,CIV,FW,2,0,211,,,,,,,,,,,,,,,,,,,,,,,,,,,,,,,,,,,,,,,,,,,,,,,,,,,,,,,,,,,,,
Andreas Schjelderup,,,,,,NOR,MF,3,2,3,33,3,0,0,0.2,5.12x,0,,,,,,,,,,,,,,,,,,,,,,,,,,,,,,,,,,,,,,,,,,,,,,,,,
Andres Cubas,,,,,,,,,,,,,,,,,,,,,,,,,,,,,,,,,,,,PAR,MF,14,3,1,0,0,0,,,,,,,,,,,,,,,,,,,,,,,
Angus Gunn,,,,,,,,,,,,,,,,,,,,,,,,,,,,,,,,,,,,,,,,,,,,SCO,GK,9,75,64,,,,,,,,,,,,,,,,,,
Anthony Elanga,SWE,FW,2,0,247,,,,,,,,,,,,,,,,,,,,,,,,,SWE,FW,0,10,31,1,,,,,,,,,,,,,,,,,,,,,,,,,,SWE,FW,37.16,211,118,24265.7
Anthony Gordon,,,,,,ENG,FW,3,4,6,17,6,0,2,0.7,1.43x,0,,,,,,,,,,,,,,,,,,,,,,,,,,,,,,,,,,,,,,,,,,,,ENG,FW,35.79,474,232,43686.72
Antoine Semenyo,,,,,,,,,,,,,,,,,,,,,,,,,,,,,,,,,,,,,,,,,,,,,,,,,,,,,,,,,,,,,GHA,MF,35.12,285,167,39933.84
Arda Guler,,,,,,,,,,,,,,,,,,,,,,,,,,,,,,,,,,,,,,,,,,,,,,,,,TUR,FW,268,40,122,106,157,111,6,46,89,455,,,,,,
Ayase Ueda,JPN,FW,2,1,349,,,,,,,,,,,,,,,,,,,,,,,,,,,,,,,,,,,,,,,,,,,,,,,,,,,,,,,,,,,,,
Aymen Dahmen,,,,,,,,,,,,,,,,,,,,,,,,,,,,,,,,,,,,,,,,,,,,TUN,GK,6,51,44,,,,,,,,,,,,,,,,,,
Aymen Hussein,,,,,,,,,,,,,,,,,,,,,,,,,,,,,,IRQ,FW,1,5,60,3,,,,,,,,,,,,,,,,,,,,,,,,,,,,,,,
Aymeric Laporte,,,,,,,,,,,,,,,,,,ESP,DF,660,618,94,0,0,0,12,58,8,100,,,,,,,,,,,,,,,,,,,,,,,,,,,,,,,,,,,,,
Azzedine Ounahi,,,,,,,,,,,,,,,,,,MAR,MF,315,281,89,6,33,8,17,65,3,100,,,,,,,,,,,,,,,,,,,,MAR,MF,316,51,144,121,177,139,2,81,126,683,,,,,,
Bart Verbruggen,,,,,,,,,,,,,,,,,,,,,,,,,,,,,,,,,,,,,,,,,,,,NED,GK,17,57,54,,,,,,,,,,,,,,,,,,
Behruzjon Karimov,,,,,,,,,,,,,,,,,,,,,,,,,,,,,,UZB,DF,0,5,55,7,UZB,DF,8,4,0,0,0,0,,,,,,,,,,,,,,,,,,,,,,,
Benjamin Asare,,,,,,,,,,,,,,,,,,,,,,,,,,,,,,,,,,,,,,,,,,,,GHA,GK,8,55,47,,,,,,,,,,,,,,,,,,
Bradley Barcola,FRA,FW,3,1,432,,,,,,,,,,,,,,,,,,,,,,,,,,,,,,,,,,,,,,,,,,,,,,,,,,,,,,,,FRA,FW,36.32,340,165,42770.58
Brahim Diaz,,,,,,MAR,FW,4,1,6,0,4,2,0,0.31,0x,1,,,,,,,,,,,,,,,,,,,,,,,,,,,,,,,,,,,,,,,,,,,,,,,,,
Brandon Mechele,,,,,,,,,,,,,,,,,,BEL,DF,399,369,92,0,0,1,4,50,2,100,,,,,,,BEL,DF,9,2,1,0,0,0,,,,,,,,,,,,,,,,,,,,,,,
Breel Embolo,SUI,FW,2,2,531,SUI,FW,2,5,10,20,8,2,2,2.58,0.78x,0,,,,,,,,,,,,,,,,,,,SUI,FW,9,11,2,1,1,4,,,,,,,,,,,,,,,,,,,,,,,
Brian Brobbey,NED,FW,3,0,245,,,,,,,,,,,,,,,,,,,,,,,,,,,,,,,,,,,,,,,,,,,,,,,,,,,,,,,,,,,,,
Brian Gutierrez,,,,,,,,,,,,,,,,,,,,,,,,,,,,,,,,,,,,,,,,,,,,,,,,,,,,,,,,,,,,,MEX,MF,34.85,334,112,24453.57
Brian Rodriguez,,,,,,,,,,,,,,,,,,,,,,,,,,,,,,,,,,,,,,,,,,,,,,,,,,,,,,,,,,,,,URU,FW,34.88,90,35,6497.61
Bruno Fernandes,,,,,,,,,,,,,,,,,,,,,,,,,,,,,,,,,,,,,,,,,,,,,,,,,POR,MF,251,53,135,63,150,101,5,86,115,640,,,,,,
Bruno Guimaraes,,,,,,BRA,MF,4,2,8,0,5,3,1,1.02,0x,8,,,,,,,,,,,,,,,,,,,,,,,,,,,,,,,,BRA,MF,339,56,156,127,258,81,5,51,92,459,,,,,,
Bukayo Saka,ENG,FW,3,3,411,ENG,FW,3,7,13,23,11,2,1,1.72,1.74x,5,,,,,,,,,,,,,,,,,,,,,,,,,,,,,,,,,,,,,,,,,,,,,,,,,
Caleb Yirenkyi,,,,,,,,,,,,,,,,,,,,,,,,,,,,,,,,,,,,GHA,MF,7,3,2,0,0,0,,,,,,,,,,,,,,,,,,,,,,,
Cameron Burgess,,,,,,,,,,,,,,,,,,,,,,,,,,,,,,AUS,DF,1,2,14,9,,,,,,,,,,,,,,,,,,,,,,,,,,,,,,,
Camilo Vargas,,,,,,,,,,,,,,,,,,,,,,,,,,,,,,,,,,,,,,,,,,,,COL,GK,7,57,54,,,,,,,,,,,,,,,,,,
Carl Starfelt,,,,,,,,,,,,,,,,,,,,,,,,,,,,,,SWE,DF,0,0,0,0,,,,,,,,,,,,,,,,,,,,,,,,,,,,,,,
Carlos Harvey,,,,,,,,,,,,,,,,,,,,,,,,,,,,,,,,,,,,PAN,DF,8,3,1,0,0,0,,,,,,,,,,,,,,,,,,,,,,,
Chadi Riad,,,,,,MAR,DF,1,0,1,0,1,0,1,0.12,0x,0,,,,,,,,,,,,,,,,,,,,,,,,,,,,,,,,,,,,,,,,,,,,,,,,,
Charles De Ketelaere,BEL,FW,3,1,385,,,,,,,,,,,,,,,,,,,,,,,,,,,,,,,,,,,,,,,,,,,,,,,,,,,,,,,,,,,,,
Chemsdine Talbi,,,,,,MAR,MF,1,0,2,0,1,1,0,0.05,0x,0,,,,,,,,,,,,,,,,,,,,,,,,,,,,,,,,,,,,,,,,,,,,MAR,MF,35.33,280,128,23817.14
Chris Richards,,,,,,,,,,,,,,,,,,,,,,,,,,,,,,,,,,,,USA,DF,8,3,1,0,0,0,,,,,,,,,,,,,,,,,,,,,,,
Chris Wood,,,,,,NZL,FW,2,2,5,0,3,2,2,0.47,0x,0,,,,,,,,,,,,,NZL,FW,0,8,88,5,,,,,,,,,,,,,,,,,,,,,,,,,,,,,,,
Cody Gakpo,NED,FW,3,1,394,,,,,,,,,,,,,,,,,,,,,,,,,,,,,,,,,,,,,,,,,,,,,,,,,,,,,,,,,,,,,
Connor Metcalfe,,,,,,,,,,,,,,,,,,,,,,,,,,,,,,AUS,MF,0,28,180,11,,,,,,,,,,,,,,,,,,,,,,,,,,,,,,,
Cristian Romero,,,,,,,,,,,,,,,,,,ARG,DF,430,415,97,0,0,3,1,0,0,0,,,,,,,ARG,DF,9,3,2,0,0,0,,,,,,,,,,,,,,,,,,,,,,,
Cristian Volpato,,,,,,,,,,,,,,,,,,,,,,,,,,,,,,AUS,FW,0,11,64,4,,,,,,,,,,,,,,,,,,,,,,,,,,,,,,,
Cristiano Ronaldo,POR,FW,3,0,490,,,,,,,,,,,,,,,,,,,,,,,,,,,,,,,,,,,,,,,,,,,,,,,,,,,,,,,,,,,,,
Crysencio Summerville,NED,FW,2,2,282,NED,FW,2,2,2,100,1,1,0,0.16,12.33x,3,,,,,,,,,,,,,,,,,,,,,,,,,,,,,,,,,,,,,,,,,,,,,,,,,
Cyle Larin,CAN,FW,2,0,224,,,,,,,,,,,,,,,,,,,,,,,,,,,,,,,,,,,,,,,,,,,,,,,,,,,,,,,,,,,,,
Daichi Kamada,JPN,MF,2,0,359,,,,,,,,,,,,,,,,,,,,,,,,,,,,,,,,,,,,,,,,,,,,JPN,MF,212,19,92,101,134,78,0,34,52,436,,,,,,
Dailon Livramento,,,,,,,,,,,,,,,,,,,,,,,,,,,,,,,,,,,,,,,,,,,,,,,,,,,,,,,,,,,,,CPV,FW,34.81,237,100,23067.28
Daizen Maeda,,,,,,,,,,,,,,,,,,,,,,,,,,,,,,,,,,,,,,,,,,,,,,,,,,,,,,,,,,,,,JPN,MF,35,432,239,32326.01
Damian Bobadilla,,,,,,,,,,,,,,,,,,,,,,,,,,,,,,PAR,MF,1,5,95,22,,,,,,,,,,,,,,,,,,,,,,,,,,,,,,,
Dan Ndoye,,,,,,,,,,,,,,,,,,,,,,,,,,,,,,SUI,FW,0,32,141,20,,,,,,,,,,,,,,,,,,,,,,,,,,,,,,,
Dani Olmo,,,,,,ESP,FW,2,2,13,0,7,6,2,1.16,0x,0,,,,,,,,,,,,,,,,,,,,,,,,,,,,,,,,ESP,FW,314,89,175,50,248,66,4,79,112,537,,,,,,
Daniel Munoz,,,,,,,,,,,,,,,,,,,,,,,,,,,,,,,,,,,,COL,DF,9,1,0,0,0,3,,,,,,COL,DF,338,135,109,94,53,285,8,38,52,461,,,,,,
Davinson Sanchez,,,,,,,,,,,,,,,,,,COL,DF,361,324,90,0,0,1,10,20,6,100,,,,,,,,,,,,,,,,,,,,,,,,,,,,,,,,,,,,,
Dayot Upamecano,,,,,,,,,,,,,,,,,,FRA,DF,443,409,92,0,0,2,6,67,4,100,,,,,,,,,,,,,,,,,,,,,,,,,,,,,,,,FRA,DF,35.39,598,228,73611.38
Dean Henderson,,,,,,,,,,,,,,,,,,,,,,,,,,,,,,,,,,,,,,,,,,,,ENG,GK,6,26,22,,,,,,,,,,,,,,,,,,
Declan Rice,,,,,,ENG,MF,2,3,6,17,3,3,1,0.31,3.23x,30,ENG,MF,340,312,92,40,38,2,12,50,4,75,,,,,,,,,,,,,,,,,,,,ENG,MF,274,31,88,155,175,99,3,28,112,742,,,,,,
Deniz Undav,GER,FW,3,2,174,GER,FW,2,4,6,50,5,1,0,1.43,2.1x,0,,,,,,,,,,,,,,,,,,,,,,,,,,,,,,,,,,,,,,,,,,,,,,,,,
Denzel Dumfries,,,,,,NED,DF,2,2,5,0,4,1,2,0.44,0x,0,,,,,,,,,,,,,,,,,,,,,,,,,,,,,,,,,,,,,,,,,,,,,,,,,
Desire Doue,,,,,,,,,,,,,,,,,,,,,,,,,,,,,,,,,,,,,,,,,,,,,,,,,FRA,FW,212,63,101,48,80,132,12,91,95,474,,,,,,
Diney Borges,,,,,,,,,,,,,,,,,,,,,,,,,,,,,,CPV,DF,1,5,29,16,,,,,,,,,,,,,,,,,,,,,,,,,,,,,,,
Diogo Costa,,,,,,,,,,,,,,,,,,,,,,,,,,,,,,,,,,,,,,,,,,,,POR,GK,20,114,93,,,,,,,,,,,,,,,,,,
Djed Spence,,,,,,,,,,,,,,,,,,,,,,,,,,,,,,,,,,,,,,,,,,,,,,,,,,,,,,,,,,,,,ENG,DF,36.22,417,214,45630.64
Dominik Livakovic,,,,,,,,,,,,,,,,,,,,,,,,,,,,,,,,,,,,,,,,,,,,CRO,GK,12,80,68,,,,,,,,,,,,,,,,,,
Edouard Mendy,,,,,,,,,,,,,,,,,,,,,,,,,,,,,,,,,,,,,,,,,,,,SEN,GK,8,34,25,,,,,,,,,,,,,,,,,,
Eldor Shomurodov,,,,,,,,,,,,,,,,,,,,,,,,,,,,,,,,,,,,UZB,FW,8,4,0,0,0,1,,,,,,,,,,,,,,,,,,,,,,,
Elijah Just,NZL,MF,3,0,291,,,,,,,,,,,,,,,,,,,,,,,,,,,,,,,,,,,,,,,,,,,,,,,,,,,,,,,,,,,,,
Elliot Anderson,,,,,,,,,,,,,,,,,,ENG,MF,445,396,89,6,50,1,17,71,10,90,,,,,,,ENG,MF,9,13,1,0,0,0,,,,,,ENG,MF,374,21,84,269,271,103,2,15,188,975,,,,,,
Ellyes Skhiri,,,,,,,,,,,,,,,,,,,,,,,,,,,,,,TUN,MF,1,10,40,10,,,,,,,,,,,,,,,,,,,,,,,,,,,,,,,
Eloy Room,,,,,,,,,,,,,,,,,,,,,,,,,,,,,,,,,,,,,,,,,,,,CUW,GK,21,81,72,,,,,,,,,,,,,,,,,,
Emam Ashour,,,,,,,,,,,,,,,,,,,,,,,,,,,,,,,,,,,,,,,,,,,,,,,,,EGY,MF,241,49,128,64,114,127,5,50,85,471,,,,,,
Emiliano Martinez,,,,,,,,,,,,,,,,,,,,,,,,,,,,,,,,,,,,,,,,,,,,ARG,GK,20,111,97,,,,,,,,,,,,,,,,,,
Enzo Fernandez,,,,,,,,,,,,,,,,,,ARG,MF,519,480,92,5,40,5,21,71,8,88,,,,,,,ARG,MF,12,6,2,1,1,1,,,,,,ARG,MF,374,51,128,195,226,148,4,81,159,1122,,,,,,
Eren Elmali,,,,,,,,,,,,,,,,,,,,,,,,,,,,,,,,,,,,,,,,,,,,,,,,,,,,,,,,,,,,,TUR,DF,34.75,135,60,14528.21
Erling Haaland,NOR,FW,7,0,537,,,,,,,,,,,,,,,,,,,,,,,,,,,,,,,,,,,,,,,,,,,,,,,,,,,,,,,,NOR,FW,36.52,375,172,49468.92
Ermedin Demirovic,,,,,,,,,,,,,,,,,,,,,,,,,,,,,,,,,,,,BIH,FW,11,3,1,0,0,1,,,,,,,,,,,,,,,,,,,,,,,
Ermin Mahmic,BIH,MF,2,0,88,,,,,,,,,,,,,,,,,,,,,,,,,,,,,,,,,,,,,,,,,,,,,,,,,,,,,,,,,,,,,
Ernest Nuamah,,,,,,GHA,FW,1,0,0,0,0,0,0,0,0x,0,,,,,,,,,,,,,,,,,,,,,,,,,,,,,,,,,,,,,,,,,,,,,,,,,
Esmir Bajraktarevic,,,,,,,,,,,,,,,,,,,,,,,,,,,,,,,,,,,,,,,,,,,,,,,,,,,,,,,,,,,,,BIH,FW,34.8,318,145,28616.79
Ezri Konsa,,,,,,,,,,,,,,,,,,ENG,DF,488,469,96,3,0,1,3,100,3,67,,,,,,,ENG,DF,8,11,0,0,0,0,,,,,,,,,,,,,,,,,,,,,,,
Fabian Ruiz,,,,,,,,,,,,,,,,,,,,,,,,,,,,,,,,,,,,,,,,,,,,,,,,,ESP,MF,317,43,146,128,218,99,2,41,99,639,,,,,,
Federico Valverde,,,,,,,,,,,,,,,,,,,,,,,,,,,,,,,,,,,,,,,,,,,,,,,,,,,,,,,,,,,,,URU,MF,34.86,228,99,25916.6
Felix Nmecha,,,,,,,,,,,,,,,,,,,,,,,,,,,,,,,,,,,,,,,,,,,,,,,,,,,,,,,,,,,,,GER,MF,34.97,442,141,33325.14
Ferran Torres,,,,,,,,,,,,,,,,,,,,,,,,,,,,,,,,,,,,,,,,,,,,,,,,,ESP,FW,243,118,96,29,204,39,12,96,70,251,,,,,,
Florian Wirtz,,,,,,GER,MF,3,1,10,0,5,5,0,0.97,0x,5,,,,,,,,,,,,,,,,,,,,,,,,,,,,,,,,GER,MF,218,71,100,47,96,122,4,117,99,599,,,,,,
Folarin Balogun,USA,FW,3,0,348,,,,,,,,,,,,,,,,,,,,,,,,,,,,,,,,,,,,,,,,,,,,,,,,,,,,,,,,USA,FW,35.6,329,183,34951.64
Franck Kessie,,,,,,,,,,,,,,,,,,,,,,,,,,,,,,,,,,,,CIV,MF,7,2,1,0,0,1,,,,,,,,,,,,,,,,,,,,,,,
Gabriel Gudmundsson,,,,,,,,,,,,,,,,,,,,,,,,,,,,,,SWE,DF,0,13,58,14,,,,,,,,,,,,,,,,,,,,,,,,,,,,,,,
Gabriel Magalhaes,,,,,,,,,,,,,,,,,,BRA,DF,431,413,96,0,0,0,2,50,2,100,,,,,,,,,,,,,,,,,,,,,,,,,,,,,,,,,,,,,
Giuliano Simeone,,,,,,,,,,,,,,,,,,,,,,,,,,,,,,,,,,,,ARG,FW,9,1,0,0,0,1,,,,,,,,,,,,,,,,,,ARG,FW,35.2,296,114,23625.58
Granit Xhaka,,,,,,,,,,,,,,,,,,SUI,MF,470,427,91,4,0,2,15,47,8,100,,,,,,,,,,,,,,,,,,,,SUI,MF,330,5,129,196,231,99,0,35,110,997,,,,,,
Gregor Kobel,,,,,,,,,,,,,,,,,,,,,,,,,,,,,,,,,,,,,,,,,,,,SUI,GK,20,100,88,,,,,,,,,,,,,,,,,,
Gustaf Lagerbielke,,,,,,,,,,,,,,,,,,,,,,,,,,,,,,SWE,DF,0,8,50,14,,,,,,,,,,,,,,,,,,,,,,,,,,,,,,,
Gustavo Puerta,,,,,,,,,,,,,,,,,,,,,,,,,,,,,,,,,,,,COL,DF,9,8,1,0,0,0,,,,,,COL,DF,260,48,108,104,145,115,3,44,116,643,,,,,,
Habib Diarra,SEN,MF,2,0,168,,,,,,,,,,,,,,,,,,,,,,,,,,,,,,,,,,,,,,,,,,,,,,,,,,,,,,,,,,,,,
Hannibal Mejbri,,,,,,TUN,MF,2,1,3,0,0,3,0,0.06,0x,4,,,,,,,,,,,,,,,,,,,,,,,,,,,,,,,,,,,,,,,,,,,,,,,,,
Hans Vanaken,,,,,,BEL,MF,2,1,5,20,4,1,0,0.64,1.56x,0,,,,,,,,,,,,,,,,,,,,,,,,,,,,,,,,,,,,,,,,,,,,,,,,,
Harry Kane,ENG,FW,6,1,732,,,,,,,,,,,,,,,,,,,,,,,,,,,,,,,ENG,FW,8,9,0,0,0,2,,,,,,,,,,,,,,,,,,,,,,,
Harry Souttar,,,,,,,,,,,,,,,,,,,,,,,,,,,,,,AUS,DF,0,4,18,6,AUS,DF,8,1,1,0,0,0,,,,,,,,,,,,,,,,,,,,,,,
Hassan Altambakti,,,,,,,,,,,,,,,,,,,,,,,,,,,,,,KSA,DF,1,5,26,7,,,,,,,,,,,,,,,,,,,,,,,,,,,,,,,
Hazem Mastouri,,,,,,,,,,,,,,,,,,,,,,,,,,,,,,,,,,,,,,,,,,,,,,,,,,,,,,,,,,,,,TUN,FW,34.84,106,39,10041.14
Hernan Galindez,,,,,,,,,,,,,,,,,,,,,,,,,,,,,,,,,,,,,,,,,,,,ECU,GK,12,68,63,,,,,,,,,,,,,,,,,,
Hjalmar Ekdal,,,,,,,,,,,,,,,,,,,,,,,,,,,,,,SWE,DF,0,0,0,0,,,,,,,,,,,,,,,,,,,,,,,,,,,,,,,
Houssem Aouar,,,,,,ALG,MF,2,1,3,0,1,2,0,0.24,0x,0,,,,,,,,,,,,,,,,,,,,,,,,,,,,,,,,,,,,,,,,,,,,,,,,,
Iliman Ndiaye,,,,,,SEN,FW,2,2,3,33,2,1,0,0.21,4.76x,0,,,,,,,,,,,,,,,,,,,,,,,,,,,,,,,,,,,,,,,,,,,,,,,,,
Isak Hien,,,,,,,,,,,,,,,,,,,,,,,,,,,,,,SWE,DF,0,13,13,8,,,,,,,,,,,,,,,,,,,,,,,,,,,,,,,
Ismael Saibari,MAR,MF,3,0,411,,,,,,,,,,,,,,,,,,,,,,,,,,,,,,,MAR,MF,8,3,0,0,0,3,,,,,,MAR,MF,298,151,117,30,182,116,9,67,94,246,,,,,,
Ismaila Sarr,SEN,FW,4,1,419,SEN,FW,1,6,17,24,15,2,2,3.68,1.09x,0,,,,,,,,,,,,,,,,,,,,,,,,,,,,,,,,,,,,,,,,,,,,,,,,,
Issa Diop,,,,,,,,,,,,,,,,,,MAR,DF,326,299,92,0,0,0,3,0,1,100,,,,,,,,,,,,,,,,,,,,,,,,,,,,,,,,,,,,,
Jacob Italiano,,,,,,,,,,,,,,,,,,,,,,,,,,,,,,AUS,DF,0,6,83,14,,,,,,,,,,,,,,,,,,,,,,,,,,,,,,,
Jacob Widell Zetterstrom,,,,,,,,,,,,,,,,,,,,,,,,,,,,,,,,,,,,,,,,,,,,SWE,GK,12,54,46,,,,,,,,,,,,,,,,,,
Jalal Hassan,,,,,,,,,,,,,,,,,,,,,,,,,,,,,,,,,,,,,,,,,,,,IRQ,GK,7,51,45,,,,,,,,,,,,,,,,,,
Jan Paul Van Hecke,,,,,,,,,,,,,,,,,,NED,DF,360,335,93,1,0,1,5,60,4,75,,,,,,,,,,,,,,,,,,,,,,,,,,,,,,,,,,,,,
Jean Kevin Duverne,,,,,,HAI,DF,1,0,1,0,1,0,0,0.03,0x,0,,,,,,,,,,,,,,,,,,,,,,,,,,,,,,,,,,,,,,,,,,,,,,,,,
Jesper Karlstrom,,,,,,,,,,,,,,,,,,,,,,,,,,,,,,SWE,MF,0,7,38,7,,,,,,,,,,,,,,,,,,,,,,,,,,,,,,,
Joao Neves,,,,,,,,,,,,,,,,,,,,,,,,,,,,,,,,,,,,,,,,,,,,,,,,,POR,MF,214,52,74,88,158,56,2,40,107,558,,,,,,
Johan Manzambi,SUI,MF,3,2,220,SUI,MF,2,3,6,50,4,2,0,0.63,4.73x,0,,,,,,,,,,,,,,,,,,,,,,,,,,,,,,,,,,,,,,,,,,,,,,,,,
Johny Placide,,,,,,,,,,,,,,,,,,,,,,,,,,,,,,,,,,,,,,,,,,,,HAI,GK,13,56,48,,,,,,,,,,,,,,,,,,
Jonathan David,CAN,FW,3,0,475,,,,,,,,,,,,,,,,,,,,,,,,,,,,,,,,,,,,,,,,,,,,,,,,,,,,,,,,,,,,,
Jonathan Tah,,,,,,,,,,,,,,,,,,GER,DF,375,364,97,1,0,1,3,100,1,100,,,,,,,,,,,,,,,,,,,,,,,,,,,,,,,,,,,,,
Jordan Ayew,,,,,,,,,,,,,,,,,,,,,,,,,,,,,,,,,,,,GHA,FW,7,7,0,0,0,1,,,,,,,,,,,,,,,,,,,,,,,
Jordan Bos,,,,,,,,,,,,,,,,,,,,,,,,,,,,,,,,,,,,,,,,,,,,,,,,,,,,,,,,,,,,,AUS,DF,36.67,396,223,36920.34
Jordan Pickford,,,,,,,,,,,,,,,,,,,,,,,,,,,,,,,,,,,,,,,,,,,,ENG,GK,19,133,110,,,,,,,,,,,,,,,,,,
Joshua Kimmich,,,,,,GER,DF,2,1,5,0,1,4,0,0.15,0x,15,GER,DF,368,336,91,25,20,1,9,56,2,100,,,,,,,,,,,,,,,,,,,,,,,,,,,,,,,,,,,,,
Juan Jose Caceres,,,,,,,,,,,,,,,,,,,,,,,,,,,,,,,,,,,,PAR,DF,9,6,1,0,0,0,,,,,,,,,,,,,,,,,,,,,,,
Jude Bellingham,ENG,MF,7,1,698,,,,,,,,,,,,,,,,,,,,,,,,,,,,,,,ENG,MF,9,17,1,0,0,1,,,,,,ENG,MF,485,130,258,97,367,118,12,93,183,580,,,,,,
Jules Kounde,,,,,,,,,,,,,,,,,,FRA,DF,353,314,89,15,13,0,7,43,0,0,,,,,,,,,,,,,,,,,,,,FRA,DF,245,108,54,83,101,144,9,62,71,750,,,,,,
Julian Alvarez,,,,,,,,,,,,,,,,,,,,,,,,,,,,,,,,,,,,ARG,FW,11,4,0,0,0,2,,,,,,ARG,FW,299,111,118,70,189,110,3,116,120,494,ARG,FW,34.98,787,340,71340.54
Julian Quinones,MEX,FW,4,1,440,,,,,,,,,,,,,,,,,,,,,,,,,,,,,,,,,,,,,,,,,,,,MEX,FW,248,99,115,34,120,128,6,84,141,355,,,,,,
Julio Enciso,,,,,,PAR,FW,2,1,8,13,6,2,1,0.74,1.36x,2,,,,,,,,,,,,,,,,,,,,,,,,,,,,,,,,,,,,,,,,,,,,,,,,,
Kai Havertz,GER,FW,3,0,392,,,,,,,,,,,,,,,,,,,,,,,,,,,,,,,,,,,,,,,,,,,,,,,,,,,,,,,,,,,,,
Kevin De Bruyne,,,,,,,,,,,,,,,,,,,,,,,,,,,,,,,,,,,,,,,,,,,,,,,,,BEL,MF,223,76,96,51,126,97,6,61,86,446,,,,,,
Khojiakbar Alijonov,,,,,,,,,,,,,,,,,,,,,,,,,,,,,,UZB,DF,0,4,76,11,,,,,,,,,,,,,,,,,,,,,,,,,,,,,,,
Kim Seunggyu,,,,,,,,,,,,,,,,,,,,,,,,,,,,,,,,,,,,,,,,,,,,KOR,GK,11,42,34,,,,,,,,,,,,,,,,,,
Kosta Barbarouses,,,,,,,,,,,,,,,,,,,,,,,,,,,,,,NZL,FW,0,0,0,0,,,,,,,,,,,,,,,,,,,,,,,,,,,,,,,
Kristoffer Ajer,,,,,,,,,,,,,,,,,,,,,,,,,,,,,,,,,,,,,,,,,,,,,,,,,,,,,,,,,,,,,NOR,DF,35.09,480,150,54843.56
Kwasi Sibo,,,,,,,,,,,,,,,,,,,,,,,,,,,,,,,,,,,,GHA,MF,7,1,0,0,0,0,,,,,,,,,,,,,,,,,,,,,,,
Kylian Mbappe,FRA,FW,10,4,769,FRA,FW,4,23,41,24,27,14,0,6.54,1.53x,5,,,,,,,,,,,,,,,,,,,,,,,,,,,,,,,,FRA,FW,431,191,163,77,282,149,29,165,184,626,FRA,FW,37.61,529,250,66726.57
Lamine Yamal,,,,,,,,,,,,,,,,,,,,,,,,,,,,,,,,,,,,ESP,FW,14,9,0,0,0,7,,,,,,ESP,FW,317,119,164,34,119,198,33,224,188,740,,,,,,
Lautaro Martinez,ARG,FW,3,1,368,,,,,,,,,,,,,,,,,,,,,,,,,,,,,,,ARG,FW,8,5,1,0,0,2,,,,,,,,,,,,,,,,,,,,,,,
Lawrence Ati Zigi,,,,,,,,,,,,,,,,,,,,,,,,,,,,,,,,,,,,,,,,,,,,GHA,GK,8,31,30,,,,,,,,,,,,,,,,,,
Lawrence Shankland,,,,,,,,,,,,,,,,,,,,,,,,,,,,,,SCO,FW,0,4,61,9,,,,,,,,,,,,,,,,,,,,,,,,,,,,,,,
Leandro Paredes,,,,,,,,,,,,,,,,,,ARG,MF,565,532,94,2,50,3,8,38,7,100,,,,,,,ARG,MF,9,3,2,0,0,0,,,,,,ARG,MF,236,2,40,194,157,79,0,9,58,1154,,,,,,
Leandro Trossard,BEL,FW,2,2,561,BEL,FW,2,4,17,12,10,7,0,1.67,1.2x,0,,,,,,,,,,,,,,,,,,,,,,,,,,,,,,,,BEL,FW,213,84,95,34,105,108,10,92,95,500,,,,,,
Lewis Ferguson,,,,,,,,,,,,,,,,,,,,,,,,,,,,,,SCO,MF,0,15,87,28,,,,,,,,,,,,,,,,,,,,,,,,,,,,,,,
Lionel Messi,ARG,FW,8,4,853,ARG,FW,4,19,35,23,16,19,0,6.18,1.29x,38,ARG,FW,367,288,78,46,39,25,36,58,5,80,,,,,,,,,,,,,,,,,,,,ARG,FW,245,59,121,65,157,88,5,151,191,899,,,,,,
Lionel Mpasi,,,,,,,,,,,,,,,,,,,,,,,,,,,,,,,,,,,,,,,,,,,,COD,GK,15,83,70,,,,,,,,,,,,,,,,,,
Lisandro Martinez,,,,,,,,,,,,,,,,,,ARG,DF,450,422,94,3,0,2,9,67,1,100,,,,,,,,,,,,,,,,,,,,,,,,,,,,,,,,,,,,,
Luc De Fougerolles,,,,,,,,,,,,,,,,,,,,,,,,,,,,,,,,,,,,CAN,DF,8,8,2,0,0,0,,,,,,,,,,,,,,,,,,,,,,,
Luca Zidane,,,,,,,,,,,,,,,,,,,,,,,,,,,,,,,,,,,,,,,,,,,,ALG,GK,9,34,32,,,,,,,,,,,,,,,,,,
Lucas Bergvall,,,,,,,,,,,,,,,,,,,,,,,,,,,,,,SWE,MF,0,10,60,13,,,,,,,,,,,,,,,,,,,,,,,,,,,,,,,
Lucas Herrington,,,,,,,,,,,,,,,,,,,,,,,,,,,,,,AUS,DF,0,4,11,4,,,,,,,,,,,,,,,,,,,,,,,,,,,,,,,
Luis Diaz,,,,,,,,,,,,,,,,,,,,,,,,,,,,,,,,,,,,,,,,,,,,,,,,,COL,FW,295,148,121,26,130,165,11,116,104,415,COL,FW,35.13,510,248,52994.8
Luis Suarez,,,,,,,,,,,,,,,,,,,,,,,,,,,,,,,,,,,,,,,,,,,,,,,,,,,,,,,,,,,,,COL,FW,35.05,267,155,32718.6
Mahmoud Abunada,,,,,,,,,,,,,,,,,,,,,,,,,,,,,,QAT,GK,1,0,0,0,,,,,,,,,QAT,GK,16,124,103,,,,,,,,,,,,,,,,,,
Malik Tillman,USA,MF,2,1,415,,,,,,,,,,,,,,,,,,,,,,,,,,,,,,,,,,,,,,,,,,,,,,,,,,,,,,,,,,,,,
Manuel Akanji,,,,,,,,,,,,,,,,,,SUI,DF,479,444,93,0,0,0,8,88,8,100,,,,,,,,,,,,,,,,,,,,,,,,,,,,,,,,,,,,,
Manuel Neuer,,,,,,,,,,,,,,,,,,,,,,,,,,,,,,,,,,,,,,,,,,,,GER,GK,7,61,45,,,,,,,,,,,,,,,,,,
Marawan Attia,,,,,,,,,,,,,,,,,,EGY,MF,357,313,88,8,38,0,15,47,8,100,,,,,,,EGY,MF,8,1,2,0,0,0,,,,,,EGY,MF,245,8,79,158,140,105,0,22,119,749,,,,,,
Marc Cucurella,,,,,,ESP,DF,2,3,5,0,3,2,1,0.35,0x,0,ESP,DF,474,433,91,15,20,1,13,54,2,100,,,,,,,ESP,DF,8,4,1,0,0,4,,,,,,ESP,DF,412,165,137,110,90,322,16,118,172,987,,,,,,
Marc Guehi,,,,,,,,,,,,,,,,,,ENG,DF,532,514,97,0,0,2,10,70,4,75,,,,,,,,,,,,,,,,,,,,,,,,,,,,,,,,,,,,,
Marcus Holmgren Pedersen,,,,,,,,,,,,,,,,,,,,,,,,,,,,,,,,,,,,,,,,,,,,,,,,,,,,,,,,,,,,,NOR,DF,35.59,322,137,29767.17
Marcus Rashford,,,,,,,,,,,,,,,,,,,,,,,,,,,,,,,,,,,,,,,,,,,,,,,,,,,,,,,,,,,,,ENG,FW,35.17,285,147,28790.24
Marko Arnautovic,AUT,FW,2,0,173,,,,,,,,,,,,,,,,,,,,,,,,,,,,,,,,,,,,,,,,,,,,,,,,,,,,,,,,,,,,,
Marquinhos,,,,,,,,,,,,,,,,,,BRA,DF,380,367,97,1,100,0,4,75,6,100,,,,,,,,,,,,,,,,,,,,,,,,,,,,,,,,,,,,,
Martin Experience,,,,,,,,,,,,,,,,,,,,,,,,,,,,,,,,,,,,HAI,DF,7,6,0,0,0,0,,,,,,,,,,,,,,,,,,,,,,,
Martin Odegaard,,,,,,NOR,MF,4,3,9,0,5,4,0,0.72,0x,12,NOR,MF,367,322,88,16,19,3,18,56,0,0,,,,,,,,,,,,,,,,,,,,NOR,MF,329,29,173,127,212,117,5,99,132,789,,,,,,
Matej Kovar,,,,,,,,,,,,,,,,,,,,,,,,,,,,,,,,,,,,,,,,,,,,CZE,GK,11,60,52,,,,,,,,,,,,,,,,,,
Matheus Cunha,BRA,FW,3,0,324,,,,,,,,,,,,,,,,,,,,,,,,,,,,,,,,,,,,,,,,,,,,,,,,,,,,,,,,,,,,,
Matias Fernandez Pardo,,,,,,,,,,,,,,,,,,,,,,,,,,,,,,,,,,,,,,,,,,,,,,,,,,,,,,,,,,,,,BEL,FW,34.82,83,52,7102.68
Matias Galarza,,,,,,,,,,,,,,,,,,,,,,,,,,,,,,,,,,,,PAR,MF,10,9,2,0,0,0,,,,,,,,,,,,,,,,,,,,,,,
Matt Freese,,,,,,,,,,,,,,,,,,,,,,,,,,,,,,,,,,,,,,,,,,,,USA,GK,10,58,48,,,,,,,,,,,,,,,,,,
Mattias Svanberg,,,,,,,,,,,,,,,,,,,,,,,,,,,,,,SWE,MF,0,0,5,1,,,,,,,,,,,,,,,,,,,,,,,,,,,,,,,
Max Crocombe,,,,,,,,,,,,,,,,,,,,,,,,,,,,,,,,,,,,,,,,,,,,NZL,GK,11,97,88,,,,,,,,,,,,,,,,,,
Maxi Araujo,URU,MF,2,1,278,,,,,,,,,,,,,,,,,,,,,,,,,,,,,,,,,,,,,,,,,,,,,,,,,,,,,,,,,,,,,
Maxime Crepeau,,,,,,,,,,,,,,,,,,,,,,,,,,,,,,,,,,,,,,,,,,,,CAN,GK,7,49,40,,,,,,,,,,,,,,,,,,
Michael Boxall,,,,,,,,,,,,,,,,,,,,,,,,,,,,,,NZL,DF,0,4,21,12,,,,,,,,,,,,,,,,,,,,,,,,,,,,,,,
Michael Olise,,,,,,FRA,FW,7,5,20,0,10,10,0,2.34,0x,25,FRA,FW,417,362,87,20,25,17,28,75,3,100,,,,,,,,,,,,,,,,,,,,FRA,FW,365,75,199,91,234,131,9,140,228,952,,,,,,
Micky Van De Ven,,,,,,,,,,,,,,,,,,,,,,,,,,,,,,,,,,,,,,,,,,,,,,,,,,,,,,,,,,,,,NED,DF,36.77,245,92,27342.03
Mike Maignan,,,,,,,,,,,,,,,,,,,,,,,,,,,,,,,,,,,,,,,,,,,,FRA,GK,15,108,86,,,,,,,,,,,,,,,,,,
Mikel Merino,ESP,MF,2,0,262,,,,,,,,,,,,,,,,,,,,,,,,,,,,,,,,,,,,,,,,,,,,,,,,,,,,,,,,,,,,,
Mikel Oyarzabal,ESP,FW,5,1,664,,,,,,,,,,,,,,,,,,,,,,,,,,,,,,,,,,,,,,,,,,,,ESP,FW,291,148,129,14,236,55,13,125,132,392,,,,,,
Miro Muheim,,,,,,,,,,,,,,,,,,,,,,,,,,,,,,SUI,DF,1,3,16,1,,,,,,,,,,,,,,,,,,,,,,,,,,,,,,,
Mohamed Hany,,,,,,EGY,DF,1,0,4,0,0,4,0,0.09,0x,0,,,,,,,,,,,,,EGY,DF,2,10,90,11,,,,,,,,,,,,,,,,,,,,,,,,,,,,,,,
Mohamed Manai,,,,,,,,,,,,,,,,,,,,,,,,,,,,,,QAT,FW,1,2,52,3,,,,,,,,,,,,,,,,,,,,,,,,,,,,,,,
Mohamed Salah,,,,,,EGY,FW,2,4,9,11,7,2,1,0.95,1.05x,15,,,,,,,,,,,,,,,,,,,,,,,,,,,,,,,,,,,,,,,,,,,,,,,,,
Mohamed Toure,,,,,,,,,,,,,,,,,,,,,,,,,,,,,,AUS,FW,0,3,86,5,,,,,,,,,,,,,,,,,,,,,,,,,,AUS,FW,35.77,217,79,19508.03
Mohammed Alowais,,,,,,,,,,,,,,,,,,,,,,,,,,,,,,,,,,,,,,,,,,,,KSA,GK,17,86,78,,,,,,,,,,,,,,,,,,
Mory Diaw,,,,,,,,,,,,,,,,,,,,,,,,,,,,,,,,,,,,,,,,,,,,SEN,GK,5,53,45,,,,,,,,,,,,,,,,,,
Mostafa Shoubir,,,,,,,,,,,,,,,,,,,,,,,,,,,,,,,,,,,,,,,,,,,,EGY,GK,14,119,105,,,,,,,,,,,,,,,,,,
Mostafa Zico,EGY,MF,2,1,398,EGY,MF,1,3,8,25,7,1,2,1.1,1.82x,0,,,,,,,,,,,,,,,,,,,,,,,,,,,,,,,,,,,,,,,,,,,,,,,,,
Moussa Niakhate,,,,,,SEN,DF,1,0,1,0,1,0,1,0.06,0x,0,,,,,,,,,,,,,,,,,,,,,,,,,,,,,,,,,,,,,,,,,,,,,,,,,
Nahuel Molina,,,,,,,,,,,,,,,,,,,,,,,,,,,,,,,,,,,,,,,,,,,,,,,,,ARG,DF,236,86,89,61,50,186,6,46,104,572,,,,,,
Nathan Saliba,,,,,,CAN,MF,2,1,3,33,1,2,1,0.3,3.36x,0,,,,,,,,,,,,,,,,,,,,,,,,,,,,,,,,,,,,,,,,,,,,,,,,,
Neil El Aynaoui,,,,,,,,,,,,,,,,,,MAR,MF,433,405,94,0,0,1,3,0,3,67,,,,,,,MAR,MF,15,7,0,0,0,0,,,,,,MAR,MF,334,37,99,198,250,84,1,25,154,918,,,,,,
Nelson Semedo,,,,,,,,,,,,,,,,,,,,,,,,,,,,,,,,,,,,,,,,,,,,,,,,,,,,,,,,,,,,,POR,DF,35.9,196,79,16630.4
Nestory Irankunda,,,,,,,,,,,,,,,,,,,,,,,,,,,,,,AUS,FW,0,13,116,3,,,,,,,,,,,,,,,,,,,,,,,,,,AUS,FW,35.13,263,129,27279
Nico Elvedi,,,,,,,,,,,,,,,,,,SUI,DF,438,406,93,0,0,3,2,50,5,100,,,,,,,,,,,,,,,,,,,,,,,,,,,,,,,,,,,,,
Nicolas Jackson,,,,,,SEN,FW,1,3,7,0,6,1,2,0.56,0x,0,,,,,,,,,,,,,,,,,,,,,,,,,,,,,,,,,,,,,,,,,,,,,,,,,
Nicolas Pepe,CIV,FW,2,1,255,CIV,FW,1,3,6,33,5,1,0,1.42,1.41x,6,,,,,,,,,,,,,,,,,,,,,,,,,,,,,,,,,,,,,,,,,,,,,,,,,
Nicolas Raskin,,,,,,BEL,MF,2,1,2,0,2,0,1,0.13,0x,0,,,,,,,,,,,,,,,,,,,BEL,MF,12,3,0,0,0,0,,,,,,,,,,,,,,,,,,,,,,,
Nicolas Tagliafico,,,,,,,,,,,,,,,,,,,,,,,,,,,,,,,,,,,,ARG,DF,9,16,0,0,0,2,,,,,,,,,,,,,,,,,,,,,,,
Nikola Vasilj,,,,,,,,,,,,,,,,,,,,,,,,,,,,,,BIH,GK,0,0,0,0,,,,,,,,,BIH,GK,8,92,70,,,,,,,,,,,,,,,,,,
Nishan Velupillay,,,,,,,,,,,,,,,,,,,,,,,,,,,,,,AUS,FW,0,1,57,4,,,,,,,,,,,,,,,,,,,,,,,,,,,,,,,
Nuno Mendes,,,,,,,,,,,,,,,,,,,,,,,,,,,,,,,,,,,,,,,,,,,,,,,,,,,,,,,,,,,,,POR,DF,35.16,382,160,39049.58
Omar Marmoush,,,,,,,,,,,,,,,,,,,,,,,,,,,,,,,,,,,,,,,,,,,,,,,,,,,,,,,,,,,,,EGY,FW,35.17,321,165,35476.36
Orjan Nyland,,,,,,,,,,,,,,,,,,,,,,,,,,,,,,,,,,,,,,,,,,,,NOR,GK,17,107,93,,,,,,,,,,,,,,,,,,
Orlando Gill,,,,,,,,,,,,,,,,,,,,,,,,,,,,,,,,,,,,,,,,,,,,PAR,GK,28,141,124,,,,,,,,,,,,,,,,,,
Orlando Mosquera,,,,,,,,,,,,,,,,,,,,,,,,,,,,,,,,,,,,,,,,,,,,PAN,GK,9,48,42,,,,,,,,,,,,,,,,,,
Oston Urunov,,,,,,,,,,,,,,,,,,,,,,,,,,,,,,UZB,MF,0,4,41,1,,,,,,,,,,,,,,,,,,,,,,,,,,,,,,,
Ousmane Dembele,FRA,FW,6,2,648,FRA,FW,2,10,20,30,13,7,1,2.1,2.86x,17,FRA,FW,297,236,79,36,17,9,29,62,6,83,,,,,,,,,,,,,,,,,,,,,,,,,,,,,,,,,,,,,
Pape Gueye,SEN,MF,2,1,257,,,,,,,,,,,,,,,,,,,,,,,,,,,,,,,,,,,,,,,,,,,,,,,,,,,,,,,,,,,,,
Patrick Beach,,,,,,,,,,,,,,,,,,,,,,,,,,,,,,,,,,,,,,,,,,,,AUS,GK,14,91,76,,,,,,,,,,,,,,,,,,
Patrick Berg,,,,,,NOR,MF,2,0,3,0,0,3,0,0.29,0x,10,,,,,,,,,,,,,,,,,,,,,,,,,,,,,,,,,,,,,,,,,,,,,,,,,
Pau Cubarsi,,,,,,,,,,,,,,,,,,ESP,DF,690,668,97,1,0,0,7,71,2,100,,,,,,,,,,,,,,,,,,,,,,,,,,,,,,,,,,,,,
Paul Okon Engstler,,,,,,,,,,,,,,,,,,,,,,,,,,,,,,AUS,MF,0,9,78,5,,,,,,,,,,,,,,,,,,,,,,,,,,,,,,,
Pedri,,,,,,,,,,,,,,,,,,ESP,MF,469,420,90,14,36,2,16,75,2,100,,,,,,,,,,,,,,,,,,,,ESP,MF,363,45,146,172,277,86,5,65,180,1024,,,,,,
Pedro Neto,,,,,,,,,,,,,,,,,,,,,,,,,,,,,,,,,,,,,,,,,,,,,,,,,,,,,,,,,,,,,POR,FW,35.33,368,208,37581.23
Pedro Porro,,,,,,,,,,,,,,,,,,ESP,DF,420,379,90,19,26,3,17,35,9,100,,,,,,,ESP,DF,10,9,0,0,0,0,,,,,,ESP,DF,215,58,96,61,52,163,9,69,139,896,,,,,,
Pedro Vite,,,,,,,,,,,,,,,,,,ECU,MF,297,269,91,7,43,1,9,56,2,100,,,,,,,,,,,,,,,,,,,,ECU,MF,261,11,108,142,153,108,1,27,83,640,,,,,,
Pico Lopes,,,,,,,,,,,,,,,,,,,,,,,,,,,,,,,,,,,,,,,,,,,,,,,,,,,,,,,,,,,,,CPV,DF,34.95,366,99,41751.06
Promise David,,,,,,CAN,FW,1,3,5,20,3,2,1,0.75,1.34x,0,,,,,,,,,,,,,,,,,,,,,,,,,,,,,,,,,,,,,,,,,,,,,,,,,
Rafael Leao,,,,,,,,,,,,,,,,,,,,,,,,,,,,,,,,,,,,,,,,,,,,,,,,,,,,,,,,,,,,,POR,FW,34.95,188,75,18513.49
Ramin Rezaeian,IRN,DF,2,1,309,,,,,,,,,,,,,,,,,,,,,,,,,,,,,,,,,,,,,,,,,,,,,,,,,,,,,,,,,,,,,
Ramy Bensebaini,,,,,,,,,,,,,,,,,,ALG,DF,385,359,93,0,0,1,8,38,1,100,,,,,,,,,,,,,,,,,,,,,,,,,,,,,,,,,,,,,
Raul Jimenez,MEX,FW,3,0,348,,,,,,,,,,,,,,,,,,,,,,,,,,,,,,,,,,,,,,,,,,,,,,,,,,,,,,,,,,,,,
Raul Rangel,,,,,,,,,,,,,,,,,,,,,,,,,,,,,,,,,,,,,,,,,,,,MEX,GK,8,57,46,,,,,,,,,,,,,,,,,,
Remo Freuler,,,,,,,,,,,,,,,,,,SUI,MF,324,299,92,5,20,0,7,71,2,0,,,,,,,SUI,MF,8,3,0,0,0,1,,,,,,SUI,MF,328,43,138,147,228,100,3,34,105,694,,,,,,
Renato Veiga,,,,,,,,,,,,,,,,,,POR,DF,336,320,95,0,0,1,4,50,1,100,,,,,,,,,,,,,,,,,,,,,,,,,,,,,,,,,,,,,
Ricardo Rodriguez,,,,,,,,,,,,,,,,,,,,,,,,,,,,,,,,,,,,SUI,DF,11,2,0,0,0,0,,,,,,,,,,,,,,,,,,,,,,,
Richard Rios,,,,,,,,,,,,,,,,,,,,,,,,,,,,,,,,,,,,COL,MF,10,4,1,0,0,0,,,,,,,,,,,,,,,,,,,,,,,
Richie Laryea,,,,,,,,,,,,,,,,,,,,,,,,,,,,,,,,,,,,CAN,DF,8,13,1,0,0,1,,,,,,,,,,,,,,,,,,CAN,DF,35.23,464,231,46053.79
Riyad Mahrez,ALG,FW,2,1,288,,,,,,,,,,,,,,,,,,,,,,,,,,,,,,,,,,,,,,,,,,,,,,,,,,,,,,,,,,,,,
Roberto Alvarado,,,,,,MEX,FW,3,0,5,0,2,3,0,0.28,0x,14,,,,,,,,,,,,,,,,,,,,,,,,,,,,,,,,,,,,,,,,,,,,,,,,,
Rodri,,,,,,,,,,,,,,,,,,ESP,MF,799,747,93,3,0,2,21,90,11,91,,,,,,,ESP,MF,11,9,0,0,0,1,,,,,,ESP,MF,414,5,122,287,291,123,2,41,258,1676,,,,,,
Rodrigo De Paul,,,,,,,,,,,,,,,,,,ARG,MF,327,300,92,13,38,2,9,67,1,100,,,,,,,,,,,,,,,,,,,,ARG,MF,337,34,162,141,146,191,4,43,111,712,,,,,,
Romelu Lukaku,BEL,FW,3,1,279,,,,,,,,,,,,,,,,,,,,,,,,,,,,,,,,,,,,,,,,,,,,,,,,,,,,,,,,,,,,,
Ronwen Williams,,,,,,,,,,,,,,,,,,,,,,,,,,,,,,,,,,,,,,,,,,,,RSA,GK,14,72,59,,,,,,,,,,,,,,,,,,
Ross Stewart,,,,,,,,,,,,,,,,,,,,,,,,,,,,,,SCO,FW,0,0,5,0,,,,,,,,,,,,,,,,,,,,,,,,,,,,,,,
Ruben Vargas,SUI,FW,2,1,314,,,,,,,,,,,,,,,,,,,,,,,,,,,,,,,,,,,,,,,,,,,,,,,,,,,,,,,,,,,,,
Ryan Gravenberch,,,,,,NED,MF,2,0,5,0,2,3,0,0.25,0x,0,,,,,,,,,,,,,,,,,,,,,,,,,,,,,,,,,,,,,,,,,,,,NED,MF,35.61,443,129,37432.87
Sadio Mane,,,,,,SEN,FW,1,3,6,0,4,2,0,0.58,0x,1,,,,,,,,,,,,,,,,,,,,,,,,,,,,,,,,,,,,,,,,,,,,,,,,,
Samuel Moutoussamy,,,,,,,,,,,,,,,,,,,,,,,,,,,,,,,,,,,,COD,MF,8,1,1,0,0,0,,,,,,,,,,,,,,,,,,,,,,,
Sander Berge,,,,,,,,,,,,,,,,,,NOR,MF,425,412,97,2,0,1,4,75,2,100,,,,,,,,,,,,,,,,,,,,,,,,,,,,,,,,,,,,,
Scott Mckenna,,,,,,,,,,,,,,,,,,,,,,,,,,,,,,SCO,DF,0,3,3,3,,,,,,,,,,,,,,,,,,,,,,,,,,,,,,,
Sherzod Nasrullaev,,,,,,,,,,,,,,,,,,,,,,,,,,,,,,UZB,DF,0,5,42,9,,,,,,,,,,,,,,,,,,,,,,,,,,,,,,,
Son Heungmin,,,,,,,,,,,,,,,,,,,,,,,,,,,,,,,,,,,,,,,,,,,,,,,,,,,,,,,,,,,,,KOR,FW,35.17,169,96,18757.38
Sondre Langas,,,,,,,,,,,,,,,,,,,,,,,,,,,,,,,,,,,,,,,,,,,,,,,,,,,,,,,,,,,,,NOR,DF,35.51,26,11,2880.7
Soufiane Rahimi,MAR,FW,2,1,215,MAR,FW,1,4,6,33,5,1,2,1.59,1.26x,0,,,,,,,,,,,,,,,,,,,,,,,,,,,,,,,,,,,,,,,,,,,,,,,,,
Tani Oluwaseyi,,,,,,,,,,,,,,,,,,,,,,,,,,,,,,,,,,,,,,,,,,,,,,,,,,,,,,,,,,,,,CAN,FW,34.87,350,172,29357.02
Tete Yengi,,,,,,,,,,,,,,,,,,,,,,,,,,,,,,AUS,FW,0,1,17,2,,,,,,,,,,,,,,,,,,,,,,,,,,,,,,,
Thapelo Maseko,,,,,,,,,,,,,,,,,,,,,,,,,,,,,,,,,,,,,,,,,,,,,,,,,,,,,,,,,,,,,RSA,FW,35.17,299,159,27093.85
Theo Hernandez,,,,,,,,,,,,,,,,,,,,,,,,,,,,,,,,,,,,,,,,,,,,,,,,,,,,,,,,,,,,,FRA,DF,36.17,288,134,29720.25
Thibaut Courtois,,,,,,,,,,,,,,,,,,,,,,,,,,,,,,,,,,,,,,,,,,,,BEL,GK,17,110,90,,,,,,,,,,,,,,,,,,
Thomas Meunier,,,,,,,,,,,,,,,,,,,,,,,,,,,,,,,,,,,,BEL,DF,9,0,0,0,0,0,,,,,,,,,,,,,,,,,,,,,,,
Tim Ream,,,,,,,,,,,,,,,,,,USA,DF,298,281,94,0,0,2,6,33,5,100,,,,,,,,,,,,,,,,,,,,,,,,,,,,,,,,,,,,,
Torbjorn Heggem,,,,,,,,,,,,,,,,,,NOR,DF,301,282,94,0,0,1,4,25,0,0,,,,,,,,,,,,,,,,,,,,,,,,,,,,,,,,,,,,,
Ugurcan Cakir,,,,,,,,,,,,,,,,,,,,,,,,,,,,,,,,,,,,,,,,,,,,TUR,GK,8,55,46,,,,,,,,,,,,,,,,,,
Umar Eshmurodov,,,,,,,,,,,,,,,,,,,,,,,,,,,,,,UZB,DF,0,0,0,0,,,,,,,,,,,,,,,,,,,,,,,,,,,,,,,
Unai Simon,,,,,,,,,,,,,,,,,,ESP,GK,314,253,81,0,0,0,5,20,2,100,,,,,,,,,,,,,,,ESP,GK,14,120,93,,,,,,,,,,,,,,,,,,
Viktor Gyokeres,,,,,,SWE,FW,2,6,12,8,9,3,0,1.39,0.72x,0,,,,,,,,,,,,,,,,,,,,,,,,,,,,,,,,,,,,,,,,,,,,,,,,,
Viktor Johansson,,,,,,,,,,,,,,,,,,,,,,,,,,,,,,SWE,GK,0,0,0,0,,,,,,,,,,,,,,,,,,,,,,,,,,,,,,,
Vinicius Junior,BRA,FW,4,1,505,,,,,,,,,,,,,,,,,,,,,,,,,,,,,,,,,,,,,,,,,,,,BRA,FW,263,104,130,29,113,150,17,93,111,397,,,,,,
Virgil Van Dijk,,,,,,,,,,,,,,,,,,NED,DF,347,330,95,0,0,1,1,100,1,100,,,,,,,,,,,,,,,,,,,,,,,,,,,,,,,,NED,DF,35.14,292,100,38197.13
Vitinha,,,,,,,,,,,,,,,,,,POR,MF,403,379,94,0,0,2,7,71,11,100,,,,,,,,,,,,,,,,,,,,,,,,,,,,,,,,,,,,,
Vozinha,,,,,,,,,,,,,,,,,,,,,,,,,,,,,,,,,,,,,,,,,,,,CPV,GK,18,136,102,,,,,,,,,,,,,,,,,,
Weston Mckennie,,,,,,,,,,,,,,,,,,,,,,,,,,,,,,,,,,,,USA,MF,8,2,1,0,0,0,,,,,,USA,MF,260,94,125,41,139,121,14,84,138,497,,,,,,
Wilfried Singo,,,,,,CIV,DF,1,0,2,0,2,0,0,0.14,0x,0,,,,,,,,,,,,,,,,,,,,,,,,,,,,,,,,,,,,,,,,,,,,,,,,,
William Saliba,,,,,,,,,,,,,,,,,,FRA,DF,315,307,97,0,0,1,1,0,2,100,,,,,,,,,,,,,,,,,,,,,,,,,,,,,,,,,,,,,
Yahia Fofana,,,,,,,,,,,,,,,,,,,,,,,,,,,,,,,,,,,,,,,,,,,,CIV,GK,11,84,68,,,,,,,,,,,,,,,,,,
Yasin Ayari,SWE,MF,2,0,371,,,,,,,,,,,,,,,,,,,,,,,,,,,,,,,,,,,,,,,,,,,,,,,,,,,,,,,,,,,,,
Yassine Bounou,,,,,,,,,,,,,,,,,,,,,,,,,,,,,,MAR,GK,1,0,0,0,,,,,,,,,MAR,GK,19,112,91,,,,,,,,,,,,,,,,,,
Yazan Alarab,,,,,,,,,,,,,,,,,,,,,,,,,,,,,,JOR,DF,1,10,28,16,,,,,,,,,,,,,,,,,,,,,,,,,,,,,,,
Yazeed Abulaila,,,,,,,,,,,,,,,,,,,,,,,,,,,,,,,,,,,,,,,,,,,,JOR,GK,8,70,56,,,,,,,,,,,,,,,,,,
Yoane Wissa,COD,FW,3,0,409,,,,,,,,,,,,,,,,,,,,,,,,,,,,,,,,,,,,,,,,,,,,,,,,,,,,,,,,,,,,,
Youri Tielemans,,,,,,,,,,,,,,,,,,,,,,,,,,,,,,,,,,,,,,,,,,,,,,,,,BEL,MF,248,61,87,100,174,74,3,41,125,591,,,,,,
Zion Suzuki,,,,,,,,,,,,,,,,,,,,,,,,,,,,,,,,,,,,,,,,,,,,JPN,GK,17,78,64,,,,,,,,,,,,,,,,,,
